Designator,Footprint,Quantity,Value,LCSC Part #
R46,R_0603_1608Metric,1,140_P,
U3,PinSocket_2x03_P2.54mm_Horizontal,1,PMOD_GPIO,
U5,PinSocket_2x03_P2.54mm_Horizontal,1,PMOD_GPIO,
R21,R_0603_1608Metric,1,1.0K,
R28,R_0603_1608Metric,1,1.0K,
LD1,LED_0603_1608Metric_Pad1.05x0.95mm_HandSolder,1,LED_Generic,
R9,R_0603_1608Metric,1,1.0K,
R2,R_0603_1608Metric,1,1.0K,
U1,DPAK457P1010X238-3N,1,AZ1084CD-5.0,
R14,R_0603_1608Metric,1,1.0K,
R49,R_0603_1608Metric,1,140_P,
J1,PinSocket_1x22_P2.54mm_Vertical,1,Conn1x22,
R23,R_0603_1608Metric,1,1.0K,
R3,R_0603_1608Metric,1,1.0K,
R41,R_0603_1608Metric,1,1.0K,
R4,R_0603_1608Metric,1,1.0K,
R43,R_0603_1608Metric,1,1.0K,
R40,R_0603_1608Metric,1,1.0K,
R8,R_0603_1608Metric,1,1.0K,
R13,R_0603_1608Metric,1,1.0K,
R36,R_0603_1608Metric,1,1.0K,
R51,R_0603_1608Metric,1,1.0K_P,
R27,R_0603_1608Metric,1,1.0K,
R22,R_0603_1608Metric,1,1.0K,
C6,C_0603_1608Metric,1,Gen_C,
C4,C_0805_2012Metric,1,Gen_C,
R19,R_0603_1608Metric,1,1.0K,
R25,R_0603_1608Metric,1,1.0K,
R15,R_0603_1608Metric,1,1.0K,
R16,R_0603_1608Metric,1,1.0K,
R31,R_0603_1608Metric,1,1.0K,
R35,R_0603_1608Metric,1,1.0K,
R20,R_0603_1608Metric,1,1.0K,
U2,CmodA7,1,Cmod_A7,
R38,R_0603_1608Metric,1,1.0K,
R29,R_0603_1608Metric,1,1.0K,
R48,R_0603_1608Metric,1,1.0K_P,
R47,R_0603_1608Metric,1,2.32K_P,
R34,R_0603_1608Metric,1,1.0K,
R32,R_0603_1608Metric,1,1.0K,
R50,R_0603_1608Metric,1,2.32K_P,
R12,R_0603_1608Metric,1,1.0K,
R26,R_0603_1608Metric,1,1.0K,
R10,R_0603_1608Metric,1,1.0K,
C1,C_0805_2012Metric,1,Gen_C,
R6,R_0603_1608Metric,1,1.0K,
C2,C_0805_2012Metric,1,Gen_C,
R39,R_0603_1608Metric,1,1.0K,
R45,R_0603_1608Metric,1,1.0K,
R33,R_0603_1608Metric,1,1.0K,
J2,PinSocket_1x27_P2.54mm_Vertical,1,Conn1x27,
R11,R_0603_1608Metric,1,1.0K,
U4,PinSocket_2x03_P2.54mm_Horizontal,1,PMOD_GPIO,
R17,R_0603_1608Metric,1,1.0K,
R18,R_0603_1608Metric,1,1.0K,
R44,R_0603_1608Metric,1,1.0K,
R1,R_0603_1608Metric,1,1.0K,
C3,C_0805_2012Metric,1,Gen_C,
R37,R_0603_1608Metric,1,1.0K,
R7,R_0603_1608Metric,1,1.0K,
U6,PinSocket_2x03_P2.54mm_Horizontal,1,PMOD_GPIO,
CN1,"Mini-Fit Jr. Header, 2 Circuits",1,"Mini-Fit_Jr._Header,_2_Circuits",
R30,R_0603_1608Metric,1,1.0K,
R5,R_0603_1608Metric,1,1.0K,
R24,R_0603_1608Metric,1,1.0K,
C5,C_0603_1608Metric,1,Gen_C,
R42,R_0603_1608Metric,1,1.0K,
